accuracy,macro_f1,balanced_accuracy,fps,time_per_image,parameters,flops,num_images
0.7808508991460048,0.6027664788099619,0.5890247759180032,408.61985106525486,0.002447262406349182,3250058,372437052,38759
